product_id,product_name,area,date,sales,temp,humidity,weather_main,weather_desc,wind_speed,name,Festival,Shopping,sales_lag_1,day_of_week,month,is_weekend,predicted_sales
P001,Soft Drink X,Delhi,2025-06-27,188,36.17,69,Clouds,clear sky,5.73,Rath Yatra,67.0,68.0,0,4,6,0,184.52025
P005,Face Mask,Bengaluru,2025-06-27,236,25.15,55,Clouds,scattered clouds,5.93,Rath Yatra,67.0,68.0,0,4,6,0,145.6951
P005,Face Mask,Chennai,2025-06-27,280,27.09,81,Clouds,scattered clouds,8.83,Rath Yatra,67.0,68.0,0,4,6,0,172.528
P005,Face Mask,Kolkata,2025-06-27,216,28.06,54,Clear,scattered clouds,7.26,Rath Yatra,67.0,68.0,0,4,6,0,165.64607
P005,Face Mask,Mumbai,2025-06-27,199,21.33,85,Rain,moderate rain,4.49,Rath Yatra,67.0,68.0,0,4,6,0,151.92485
P005,Face Mask,Delhi,2025-06-27,188,36.17,69,Clouds,clear sky,5.73,Rath Yatra,67.0,68.0,0,4,6,0,168.27003
P004,T-Shirt,Bengaluru,2025-06-27,120,25.15,55,Clouds,scattered clouds,5.93,Rath Yatra,67.0,68.0,0,4,6,0,127.94114
P004,T-Shirt,Kolkata,2025-06-27,138,28.06,54,Clear,scattered clouds,7.26,Rath Yatra,67.0,68.0,0,4,6,0,153.2501
P004,T-Shirt,Mumbai,2025-06-27,130,21.33,85,Rain,moderate rain,4.49,Rath Yatra,67.0,68.0,0,4,6,0,134.77953
P004,T-Shirt,Delhi,2025-06-27,124,36.17,69,Clouds,clear sky,5.73,Rath Yatra,67.0,68.0,0,4,6,0,144.78004
P003,Cold Cream Z,Bengaluru,2025-06-27,66,25.15,55,Clouds,scattered clouds,5.93,Rath Yatra,67.0,68.0,0,4,6,0,64.807175
P003,Cold Cream Z,Chennai,2025-06-27,16,27.09,81,Clouds,scattered clouds,8.83,Rath Yatra,67.0,68.0,0,4,6,0,52.078457
P004,T-Shirt,Chennai,2025-06-27,165,27.09,81,Clouds,scattered clouds,8.83,Rath Yatra,67.0,68.0,0,4,6,0,151.93439
P003,Cold Cream Z,Mumbai,2025-06-27,25,21.33,85,Rain,moderate rain,4.49,Rath Yatra,67.0,68.0,0,4,6,0,40.76132
P003,Cold Cream Z,Kolkata,2025-06-27,93,28.06,54,Clear,scattered clouds,7.26,Rath Yatra,67.0,68.0,0,4,6,0,83.54545
P001,Soft Drink X,Kolkata,2025-06-27,157,28.06,54,Clear,scattered clouds,7.26,Rath Yatra,67.0,68.0,0,4,6,0,177.26537
P001,Soft Drink X,Chennai,2025-06-27,156,27.09,81,Clouds,scattered clouds,8.83,Rath Yatra,67.0,68.0,0,4,6,0,176.81258
P001,Soft Drink X,Bengaluru,2025-06-27,156,25.15,55,Clouds,scattered clouds,5.93,Rath Yatra,67.0,68.0,0,4,6,0,154.98396
P002,Mithai Y,Delhi,2025-06-27,101,36.17,69,Clouds,clear sky,5.73,Rath Yatra,67.0,68.0,0,4,6,0,119.5807
P001,Soft Drink X,Mumbai,2025-06-27,224,21.33,85,Rain,moderate rain,4.49,Rath Yatra,67.0,68.0,0,4,6,0,166.67395
P002,Mithai Y,Kolkata,2025-06-27,119,28.06,54,Clear,scattered clouds,7.26,Rath Yatra,67.0,68.0,0,4,6,0,138.9756
P002,Mithai Y,Chennai,2025-06-27,144,27.09,81,Clouds,scattered clouds,8.83,Rath Yatra,67.0,68.0,0,4,6,0,154.68074
P002,Mithai Y,Bengaluru,2025-06-27,125,25.15,55,Clouds,scattered clouds,5.93,Rath Yatra,67.0,68.0,0,4,6,0,115.60727
P003,Cold Cream Z,Delhi,2025-06-27,64,36.17,69,Clouds,clear sky,5.73,Rath Yatra,67.0,68.0,0,4,6,0,68.37421
P002,Mithai Y,Mumbai,2025-06-27,130,21.33,85,Rain,moderate rain,4.49,Rath Yatra,67.0,68.0,0,4,6,0,119.15755
P005,Face Mask,Bengaluru,2025-07-06,181,36.73,70,Clear,scattered clouds,3.3,Muharram/Ashura,67.0,68.0,0,6,7,1,184.12766
P003,Cold Cream Z,Bengaluru,2025-07-06,82,36.73,70,Clear,scattered clouds,3.3,Muharram/Ashura,67.0,68.0,0,6,7,1,81.60623
P004,T-Shirt,Delhi,2025-07-06,128,35.81,73,Rain,clear sky,6.49,Muharram/Ashura,67.0,68.0,0,6,7,1,162.13889
P004,T-Shirt,Mumbai,2025-07-06,195,32.61,90,Clear,light rain,4.54,Muharram/Ashura,67.0,68.0,0,6,7,1,184.39627
P004,T-Shirt,Kolkata,2025-07-06,178,39.9,83,Clear,clear sky,6.28,Muharram/Ashura,67.0,68.0,0,6,7,1,169.03853
P005,Face Mask,Delhi,2025-07-06,199,35.81,73,Rain,clear sky,6.49,Muharram/Ashura,67.0,68.0,0,6,7,1,181.22844
P004,T-Shirt,Bengaluru,2025-07-06,177,36.73,70,Clear,scattered clouds,3.3,Muharram/Ashura,67.0,68.0,0,6,7,1,166.79912
P005,Face Mask,Mumbai,2025-07-06,200,32.61,90,Clear,light rain,4.54,Muharram/Ashura,67.0,68.0,0,6,7,1,195.88557
P005,Face Mask,Kolkata,2025-07-06,186,39.9,83,Clear,clear sky,6.28,Muharram/Ashura,67.0,68.0,0,6,7,1,165.58545
P005,Face Mask,Chennai,2025-07-06,213,31.26,82,Clear,light rain,8.83,Muharram/Ashura,67.0,68.0,0,6,7,1,190.93472
P004,T-Shirt,Chennai,2025-07-06,165,31.26,82,Clear,light rain,8.83,Muharram/Ashura,67.0,68.0,0,6,7,1,179.53276
P003,Cold Cream Z,Chennai,2025-07-06,58,31.26,82,Clear,light rain,8.83,Muharram/Ashura,67.0,68.0,0,6,7,1,68.22548
P003,Cold Cream Z,Kolkata,2025-07-06,30,39.9,83,Clear,clear sky,6.28,Muharram/Ashura,67.0,68.0,0,6,7,1,40.78205
P003,Cold Cream Z,Delhi,2025-07-06,40,35.81,73,Rain,clear sky,6.49,Muharram/Ashura,67.0,68.0,0,6,7,1,58.895348
P001,Soft Drink X,Delhi,2025-07-06,264,35.81,73,Rain,clear sky,6.49,Muharram/Ashura,67.0,68.0,0,6,7,1,185.60999
P001,Soft Drink X,Mumbai,2025-07-06,318,32.61,90,Clear,light rain,4.54,Muharram/Ashura,67.0,68.0,0,6,7,1,204.68407
P001,Soft Drink X,Kolkata,2025-07-06,252,39.9,83,Clear,clear sky,6.28,Muharram/Ashura,67.0,68.0,0,6,7,1,172.8814
P001,Soft Drink X,Chennai,2025-07-06,267,31.26,82,Clear,light rain,8.83,Muharram/Ashura,67.0,68.0,0,6,7,1,189.4598
P001,Soft Drink X,Bengaluru,2025-07-06,275,36.73,70,Clear,scattered clouds,3.3,Muharram/Ashura,67.0,68.0,0,6,7,1,182.95122
P003,Cold Cream Z,Mumbai,2025-07-06,83,32.61,90,Clear,light rain,4.54,Muharram/Ashura,67.0,68.0,0,6,7,1,74.08302
P002,Mithai Y,Mumbai,2025-07-06,103,32.61,90,Clear,light rain,4.54,Muharram/Ashura,67.0,68.0,0,6,7,1,127.200676
P002,Mithai Y,Kolkata,2025-07-06,89,39.9,83,Clear,clear sky,6.28,Muharram/Ashura,67.0,68.0,0,6,7,1,110.27981
P002,Mithai Y,Chennai,2025-07-06,116,31.26,82,Clear,light rain,8.83,Muharram/Ashura,67.0,68.0,0,6,7,1,147.96892
P002,Mithai Y,Bengaluru,2025-07-06,107,36.73,70,Clear,scattered clouds,3.3,Muharram/Ashura,67.0,68.0,0,6,7,1,124.54234
P002,Mithai Y,Delhi,2025-07-06,137,35.81,73,Rain,clear sky,6.49,Muharram/Ashura,67.0,68.0,0,6,7,1,115.59803
P003,Cold Cream Z,Bengaluru,2025-07-10,45,27.32,87,Clear,moderate rain,7.69,Guru Purnima,67.0,68.0,0,3,7,0,65.67559
P004,T-Shirt,Delhi,2025-07-10,173,38.87,85,Clear,scattered clouds,3.66,Guru Purnima,67.0,68.0,0,3,7,0,156.5845
P004,T-Shirt,Mumbai,2025-07-10,179,27.2,85,Clear,light rain,9.36,Guru Purnima,67.0,68.0,0,3,7,0,186.48682
P004,T-Shirt,Kolkata,2025-07-10,210,27.74,72,Clouds,moderate rain,8.85,Guru Purnima,67.0,68.0,0,3,7,0,179.55643
P004,T-Shirt,Chennai,2025-07-10,200,34.97,59,Rain,scattered clouds,6.43,Guru Purnima,67.0,68.0,0,3,7,0,153.36829
P005,Face Mask,Delhi,2025-07-10,197,38.87,85,Clear,scattered clouds,3.66,Guru Purnima,67.0,68.0,0,3,7,0,174.15697
P005,Face Mask,Mumbai,2025-07-10,216,27.2,85,Clear,light rain,9.36,Guru Purnima,67.0,68.0,0,3,7,0,193.25523
P005,Face Mask,Kolkata,2025-07-10,215,27.74,72,Clouds,moderate rain,8.85,Guru Purnima,67.0,68.0,0,3,7,0,192.44987
P005,Face Mask,Chennai,2025-07-10,207,34.97,59,Rain,scattered clouds,6.43,Guru Purnima,67.0,68.0,0,3,7,0,163.75421
P003,Cold Cream Z,Chennai,2025-07-10,58,34.97,59,Rain,scattered clouds,6.43,Guru Purnima,67.0,68.0,0,3,7,0,52.210823
P004,T-Shirt,Bengaluru,2025-07-10,168,27.32,87,Clear,moderate rain,7.69,Guru Purnima,67.0,68.0,0,3,7,0,171.74348
P003,Cold Cream Z,Kolkata,2025-07-10,68,27.74,72,Clouds,moderate rain,8.85,Guru Purnima,67.0,68.0,0,3,7,0,69.16544
P005,Face Mask,Bengaluru,2025-07-10,236,27.32,87,Clear,moderate rain,7.69,Guru Purnima,67.0,68.0,0,3,7,0,189.04456
P003,Cold Cream Z,Delhi,2025-07-10,3,38.87,85,Clear,scattered clouds,3.66,Guru Purnima,67.0,68.0,0,3,7,0,56.261143
P001,Soft Drink X,Delhi,2025-07-10,216,38.87,85,Clear,scattered clouds,3.66,Guru Purnima,67.0,68.0,0,3,7,0,175.64056
P001,Soft Drink X,Mumbai,2025-07-10,250,27.2,85,Clear,light rain,9.36,Guru Purnima,67.0,68.0,0,3,7,0,193.61394
P001,Soft Drink X,Kolkata,2025-07-10,240,27.74,72,Clouds,moderate rain,8.85,Guru Purnima,67.0,68.0,0,3,7,0,190.56158
P001,Soft Drink X,Chennai,2025-07-10,235,34.97,59,Rain,scattered clouds,6.43,Guru Purnima,67.0,68.0,0,3,7,0,166.72049
P001,Soft Drink X,Bengaluru,2025-07-10,234,27.32,87,Clear,moderate rain,7.69,Guru Purnima,67.0,68.0,0,3,7,0,183.70091
P003,Cold Cream Z,Mumbai,2025-07-10,50,27.2,85,Clear,light rain,9.36,Guru Purnima,67.0,68.0,0,3,7,0,54.021088
P002,Mithai Y,Mumbai,2025-07-10,137,27.2,85,Clear,light rain,9.36,Guru Purnima,67.0,68.0,0,3,7,0,148.28236
P002,Mithai Y,Kolkata,2025-07-10,151,27.74,72,Clouds,moderate rain,8.85,Guru Purnima,67.0,68.0,0,3,7,0,160.77509
P002,Mithai Y,Chennai,2025-07-10,102,34.97,59,Rain,scattered clouds,6.43,Guru Purnima,67.0,68.0,0,3,7,0,121.18547
P002,Mithai Y,Bengaluru,2025-07-10,156,27.32,87,Clear,moderate rain,7.69,Guru Purnima,67.0,68.0,0,3,7,0,146.862
P002,Mithai Y,Delhi,2025-07-10,87,38.87,85,Clear,scattered clouds,3.66,Guru Purnima,67.0,68.0,0,3,7,0,110.12273
P004,T-Shirt,Kolkata,2025-08-03,148,25.76,59,Clear,scattered clouds,7.52,Friendship Day,67.0,68.0,0,6,8,1,173.67522
P003,Cold Cream Z,Bengaluru,2025-08-03,54,24.25,90,Rain,clear sky,9.27,Friendship Day,67.0,68.0,0,6,8,1,64.75652
P004,T-Shirt,Delhi,2025-08-03,185,33.02,87,Clouds,light rain,8.73,Friendship Day,67.0,68.0,0,6,8,1,175.9953
P004,T-Shirt,Mumbai,2025-08-03,186,34.36,88,Clouds,light rain,7.2,Friendship Day,67.0,68.0,0,6,8,1,172.21309
P004,T-Shirt,Chennai,2025-08-03,166,22.38,71,Rain,scattered clouds,7.09,Friendship Day,67.0,68.0,0,6,8,1,178.64018
P003,Cold Cream Z,Chennai,2025-08-03,67,22.38,71,Rain,scattered clouds,7.09,Friendship Day,67.0,68.0,0,6,8,1,71.069496
P005,Face Mask,Delhi,2025-08-03,177,33.02,87,Clouds,light rain,8.73,Friendship Day,67.0,68.0,0,6,8,1,183.05627
P005,Face Mask,Mumbai,2025-08-03,195,34.36,88,Clouds,light rain,7.2,Friendship Day,67.0,68.0,0,6,8,1,177.48178
P005,Face Mask,Kolkata,2025-08-03,156,25.76,59,Clear,scattered clouds,7.52,Friendship Day,67.0,68.0,0,6,8,1,172.52995
P005,Face Mask,Chennai,2025-08-03,257,22.38,71,Rain,scattered clouds,7.09,Friendship Day,67.0,68.0,0,6,8,1,196.96764
P004,T-Shirt,Bengaluru,2025-08-03,230,24.25,90,Rain,clear sky,9.27,Friendship Day,67.0,68.0,0,6,8,1,170.84875
P003,Cold Cream Z,Kolkata,2025-08-03,83,25.76,59,Clear,scattered clouds,7.52,Friendship Day,67.0,68.0,0,6,8,1,74.37978
P005,Face Mask,Bengaluru,2025-08-03,274,24.25,90,Rain,clear sky,9.27,Friendship Day,67.0,68.0,0,6,8,1,189.3106
P003,Cold Cream Z,Delhi,2025-08-03,101,33.02,87,Clouds,light rain,8.73,Friendship Day,67.0,68.0,0,6,8,1,54.772526
P001,Soft Drink X,Delhi,2025-08-03,242,33.02,87,Clouds,light rain,8.73,Friendship Day,67.0,68.0,0,6,8,1,191.17908
P001,Soft Drink X,Mumbai,2025-08-03,225,34.36,88,Clouds,light rain,7.2,Friendship Day,67.0,68.0,0,6,8,1,184.30612
P001,Soft Drink X,Kolkata,2025-08-03,256,25.76,59,Clear,scattered clouds,7.52,Friendship Day,67.0,68.0,0,6,8,1,184.13174
P001,Soft Drink X,Chennai,2025-08-03,259,22.38,71,Rain,scattered clouds,7.09,Friendship Day,67.0,68.0,0,6,8,1,191.8509
P001,Soft Drink X,Bengaluru,2025-08-03,260,24.25,90,Rain,clear sky,9.27,Friendship Day,67.0,68.0,0,6,8,1,183.54973
P003,Cold Cream Z,Mumbai,2025-08-03,32,34.36,88,Clouds,light rain,7.2,Friendship Day,67.0,68.0,0,6,8,1,50.035824
P002,Mithai Y,Mumbai,2025-08-03,252,34.36,88,Clouds,light rain,7.2,Friendship Day,67.0,68.0,0,6,8,1,136.61763
P002,Mithai Y,Kolkata,2025-08-03,188,25.76,59,Clear,scattered clouds,7.52,Friendship Day,67.0,68.0,0,6,8,1,143.77722
P002,Mithai Y,Chennai,2025-08-03,259,22.38,71,Rain,scattered clouds,7.09,Friendship Day,67.0,68.0,0,6,8,1,154.86153
P002,Mithai Y,Bengaluru,2025-08-03,212,24.25,90,Rain,clear sky,9.27,Friendship Day,67.0,68.0,0,6,8,1,162.82022
P002,Mithai Y,Delhi,2025-08-03,214,33.02,87,Clouds,light rain,8.73,Friendship Day,67.0,68.0,0,6,8,1,158.48721
P004,T-Shirt,Kolkata,2025-08-09,170,25.62,73,Clear,clear sky,2.7,Raksha Bandhan (Rakhi),67.0,68.0,0,5,8,1,170.7797
P003,Cold Cream Z,Bengaluru,2025-08-09,53,22.81,84,Clear,light rain,7.61,Raksha Bandhan (Rakhi),67.0,68.0,0,5,8,1,67.43871
P004,T-Shirt,Delhi,2025-08-09,173,29.64,76,Clouds,light rain,4.05,Raksha Bandhan (Rakhi),67.0,68.0,0,5,8,1,171.83856
P004,T-Shirt,Mumbai,2025-08-09,164,24.76,49,Rain,clear sky,2.92,Raksha Bandhan (Rakhi),67.0,68.0,0,5,8,1,171.4731
P004,T-Shirt,Chennai,2025-08-09,173,30.23,78,Rain,scattered clouds,3.03,Raksha Bandhan (Rakhi),67.0,68.0,0,5,8,1,163.15318
P003,Cold Cream Z,Chennai,2025-08-09,21,30.23,78,Rain,scattered clouds,3.03,Raksha Bandhan (Rakhi),67.0,68.0,0,5,8,1,50.86179
P005,Face Mask,Delhi,2025-08-09,235,29.64,76,Clouds,light rain,4.05,Raksha Bandhan (Rakhi),67.0,68.0,0,5,8,1,189.92482
P005,Face Mask,Mumbai,2025-08-09,198,24.76,49,Rain,clear sky,2.92,Raksha Bandhan (Rakhi),67.0,68.0,0,5,8,1,179.72661
P005,Face Mask,Kolkata,2025-08-09,254,25.62,73,Clear,clear sky,2.7,Raksha Bandhan (Rakhi),67.0,68.0,0,5,8,1,180.11884
P005,Face Mask,Chennai,2025-08-09,257,30.23,78,Rain,scattered clouds,3.03,Raksha Bandhan (Rakhi),67.0,68.0,0,5,8,1,177.8324
P004,T-Shirt,Bengaluru,2025-08-09,208,22.81,84,Clear,light rain,7.61,Raksha Bandhan (Rakhi),67.0,68.0,0,5,8,1,173.67555
P003,Cold Cream Z,Kolkata,2025-08-09,73,25.62,73,Clear,clear sky,2.7,Raksha Bandhan (Rakhi),67.0,68.0,0,5,8,1,67.59225
P005,Face Mask,Bengaluru,2025-08-09,218,22.81,84,Clear,light rain,7.61,Raksha Bandhan (Rakhi),67.0,68.0,0,5,8,1,187.18149
P003,Cold Cream Z,Delhi,2025-08-09,22,29.64,76,Clouds,light rain,4.05,Raksha Bandhan (Rakhi),67.0,68.0,0,5,8,1,62.422245
P001,Soft Drink X,Delhi,2025-08-09,251,29.64,76,Clouds,light rain,4.05,Raksha Bandhan (Rakhi),67.0,68.0,0,5,8,1,190.06427
P001,Soft Drink X,Mumbai,2025-08-09,269,24.76,49,Rain,clear sky,2.92,Raksha Bandhan (Rakhi),67.0,68.0,0,5,8,1,181.51775
P001,Soft Drink X,Kolkata,2025-08-09,236,25.62,73,Clear,clear sky,2.7,Raksha Bandhan (Rakhi),67.0,68.0,0,5,8,1,185.18132
P001,Soft Drink X,Chennai,2025-08-09,244,30.23,78,Rain,scattered clouds,3.03,Raksha Bandhan (Rakhi),67.0,68.0,0,5,8,1,172.07529
P001,Soft Drink X,Bengaluru,2025-08-09,273,22.81,84,Clear,light rain,7.61,Raksha Bandhan (Rakhi),67.0,68.0,0,5,8,1,193.38538
P003,Cold Cream Z,Mumbai,2025-08-09,70,24.76,49,Rain,clear sky,2.92,Raksha Bandhan (Rakhi),67.0,68.0,0,5,8,1,69.813194
P002,Mithai Y,Mumbai,2025-08-09,183,24.76,49,Rain,clear sky,2.92,Raksha Bandhan (Rakhi),67.0,68.0,0,5,8,1,141.0722
P002,Mithai Y,Kolkata,2025-08-09,190,25.62,73,Clear,clear sky,2.7,Raksha Bandhan (Rakhi),67.0,68.0,0,5,8,1,136.2517
P002,Mithai Y,Chennai,2025-08-09,178,30.23,78,Rain,scattered clouds,3.03,Raksha Bandhan (Rakhi),67.0,68.0,0,5,8,1,133.0579
P002,Mithai Y,Bengaluru,2025-08-09,174,22.81,84,Clear,light rain,7.61,Raksha Bandhan (Rakhi),67.0,68.0,0,5,8,1,132.00516
P002,Mithai Y,Delhi,2025-08-09,188,29.64,76,Clouds,light rain,4.05,Raksha Bandhan (Rakhi),67.0,68.0,0,5,8,1,134.0462
P004,T-Shirt,Mumbai,2025-08-15,189,27.6,47,Clear,scattered clouds,6.81,Janmashtami (Smarta),67.0,68.0,0,4,8,0,183.71283
P004,T-Shirt,Chennai,2025-08-15,173,38.83,56,Clear,light rain,5.45,Independence Day,67.0,68.0,0,4,8,0,158.34866
P004,T-Shirt,Kolkata,2025-08-15,155,30.13,57,Rain,clear sky,3.77,Parsi New Year,67.0,68.0,0,4,8,0,158.96002
P004,T-Shirt,Kolkata,2025-08-15,155,30.13,57,Rain,clear sky,3.77,Janmashtami (Smarta),67.0,68.0,0,4,8,0,161.25598
P004,T-Shirt,Kolkata,2025-08-15,155,30.13,57,Rain,clear sky,3.77,Independence Day,67.0,68.0,0,4,8,0,161.25598
P004,T-Shirt,Mumbai,2025-08-15,189,27.6,47,Clear,scattered clouds,6.81,Parsi New Year,67.0,68.0,0,4,8,0,183.71283
P004,T-Shirt,Mumbai,2025-08-15,189,27.6,47,Clear,scattered clouds,6.81,Independence Day,67.0,68.0,0,4,8,0,183.71283
P003,Cold Cream Z,Bengaluru,2025-08-15,75,32.06,55,Clouds,clear sky,5.2,Janmashtami (Smarta),67.0,68.0,0,4,8,0,67.65095
P004,T-Shirt,Delhi,2025-08-15,194,30.72,42,Rain,clear sky,9.22,Janmashtami (Smarta),67.0,68.0,0,4,8,0,147.94328
P004,T-Shirt,Delhi,2025-08-15,194,30.72,42,Rain,clear sky,9.22,Independence Day,67.0,68.0,0,4,8,0,147.94328
P003,Cold Cream Z,Bengaluru,2025-08-15,75,32.06,55,Clouds,clear sky,5.2,Parsi New Year,67.0,68.0,0,4,8,0,67.65095
P004,T-Shirt,Chennai,2025-08-15,173,38.83,56,Clear,light rain,5.45,Janmashtami (Smarta),67.0,68.0,0,4,8,0,158.34866
P003,Cold Cream Z,Bengaluru,2025-08-15,75,32.06,55,Clouds,clear sky,5.2,Independence Day,67.0,68.0,0,4,8,0,67.65095
P003,Cold Cream Z,Chennai,2025-08-15,17,38.83,56,Clear,light rain,5.45,Parsi New Year,67.0,68.0,0,4,8,0,30.698168
P003,Cold Cream Z,Chennai,2025-08-15,17,38.83,56,Clear,light rain,5.45,Janmashtami (Smarta),67.0,68.0,0,4,8,0,30.698168
P004,T-Shirt,Delhi,2025-08-15,194,30.72,42,Rain,clear sky,9.22,Parsi New Year,67.0,68.0,0,4,8,0,147.94328
P004,T-Shirt,Chennai,2025-08-15,173,38.83,56,Clear,light rain,5.45,Parsi New Year,67.0,68.0,0,4,8,0,158.34866
P005,Face Mask,Delhi,2025-08-15,169,30.72,42,Rain,clear sky,9.22,Parsi New Year,67.0,68.0,0,4,8,0,160.38101
P004,T-Shirt,Bengaluru,2025-08-15,175,32.06,55,Clouds,clear sky,5.2,Janmashtami (Smarta),67.0,68.0,0,4,8,0,157.36713
P003,Cold Cream Z,Chennai,2025-08-15,17,38.83,56,Clear,light rain,5.45,Independence Day,67.0,68.0,0,4,8,0,30.698168
P005,Face Mask,Bengaluru,2025-08-15,260,32.06,55,Clouds,clear sky,5.2,Parsi New Year,67.0,68.0,0,4,8,0,169.75826
P005,Face Mask,Bengaluru,2025-08-15,260,32.06,55,Clouds,clear sky,5.2,Janmashtami (Smarta),67.0,68.0,0,4,8,0,169.75826
P005,Face Mask,Bengaluru,2025-08-15,260,32.06,55,Clouds,clear sky,5.2,Independence Day,67.0,68.0,0,4,8,0,167.87636
P005,Face Mask,Chennai,2025-08-15,233,38.83,56,Clear,light rain,5.45,Parsi New Year,67.0,68.0,0,4,8,0,168.75908
P005,Face Mask,Chennai,2025-08-15,233,38.83,56,Clear,light rain,5.45,Janmashtami (Smarta),67.0,68.0,0,4,8,0,168.75908
P005,Face Mask,Chennai,2025-08-15,233,38.83,56,Clear,light rain,5.45,Independence Day,67.0,68.0,0,4,8,0,168.75908
P004,T-Shirt,Bengaluru,2025-08-15,175,32.06,55,Clouds,clear sky,5.2,Independence Day,67.0,68.0,0,4,8,0,157.36713
P005,Face Mask,Kolkata,2025-08-15,253,30.13,57,Rain,clear sky,3.77,Parsi New Year,67.0,68.0,0,4,8,0,173.40305
P005,Face Mask,Kolkata,2025-08-15,253,30.13,57,Rain,clear sky,3.77,Independence Day,67.0,68.0,0,4,8,0,165.14735
P005,Face Mask,Mumbai,2025-08-15,201,27.6,47,Clear,scattered clouds,6.81,Parsi New Year,67.0,68.0,0,4,8,0,188.37846
P005,Face Mask,Mumbai,2025-08-15,201,27.6,47,Clear,scattered clouds,6.81,Janmashtami (Smarta),67.0,68.0,0,4,8,0,188.37846
P005,Face Mask,Mumbai,2025-08-15,201,27.6,47,Clear,scattered clouds,6.81,Independence Day,67.0,68.0,0,4,8,0,188.37846
P005,Face Mask,Delhi,2025-08-15,169,30.72,42,Rain,clear sky,9.22,Janmashtami (Smarta),67.0,68.0,0,4,8,0,160.38101
P005,Face Mask,Delhi,2025-08-15,169,30.72,42,Rain,clear sky,9.22,Independence Day,67.0,68.0,0,4,8,0,158.49911
P004,T-Shirt,Bengaluru,2025-08-15,175,32.06,55,Clouds,clear sky,5.2,Parsi New Year,67.0,68.0,0,4,8,0,157.36713
P005,Face Mask,Kolkata,2025-08-15,253,30.13,57,Rain,clear sky,3.77,Janmashtami (Smarta),67.0,68.0,0,4,8,0,167.02925
P003,Cold Cream Z,Kolkata,2025-08-15,72,30.13,57,Rain,clear sky,3.77,Parsi New Year,67.0,68.0,0,4,8,0,68.414215
P001,Soft Drink X,Bengaluru,2025-08-15,235,32.06,55,Clouds,clear sky,5.2,Independence Day,67.0,68.0,0,4,8,0,166.57169
P003,Cold Cream Z,Kolkata,2025-08-15,72,30.13,57,Rain,clear sky,3.77,Independence Day,67.0,68.0,0,4,8,0,63.23666
P002,Mithai Y,Delhi,2025-08-15,189,30.72,42,Rain,clear sky,9.22,Independence Day,67.0,68.0,0,4,8,0,147.19215
P001,Soft Drink X,Bengaluru,2025-08-15,235,32.06,55,Clouds,clear sky,5.2,Parsi New Year,67.0,68.0,0,4,8,0,166.57169
P001,Soft Drink X,Bengaluru,2025-08-15,235,32.06,55,Clouds,clear sky,5.2,Janmashtami (Smarta),67.0,68.0,0,4,8,0,166.57169
P003,Cold Cream Z,Kolkata,2025-08-15,72,30.13,57,Rain,clear sky,3.77,Janmashtami (Smarta),67.0,68.0,0,4,8,0,63.23666
P001,Soft Drink X,Chennai,2025-08-15,231,38.83,56,Clear,light rain,5.45,Parsi New Year,67.0,68.0,0,4,8,0,169.45836
P001,Soft Drink X,Chennai,2025-08-15,231,38.83,56,Clear,light rain,5.45,Janmashtami (Smarta),67.0,68.0,0,4,8,0,169.45836
P001,Soft Drink X,Chennai,2025-08-15,231,38.83,56,Clear,light rain,5.45,Independence Day,67.0,68.0,0,4,8,0,169.45836
P001,Soft Drink X,Kolkata,2025-08-15,259,30.13,57,Rain,clear sky,3.77,Parsi New Year,67.0,68.0,0,4,8,0,176.72525
P001,Soft Drink X,Kolkata,2025-08-15,259,30.13,57,Rain,clear sky,3.77,Janmashtami (Smarta),67.0,68.0,0,4,8,0,170.35146
P001,Soft Drink X,Kolkata,2025-08-15,259,30.13,57,Rain,clear sky,3.77,Independence Day,67.0,68.0,0,4,8,0,170.35146
P001,Soft Drink X,Mumbai,2025-08-15,264,27.6,47,Clear,scattered clouds,6.81,Parsi New Year,67.0,68.0,0,4,8,0,187.2844
P001,Soft Drink X,Mumbai,2025-08-15,264,27.6,47,Clear,scattered clouds,6.81,Janmashtami (Smarta),67.0,68.0,0,4,8,0,187.2844
P001,Soft Drink X,Mumbai,2025-08-15,264,27.6,47,Clear,scattered clouds,6.81,Independence Day,67.0,68.0,0,4,8,0,187.2844
P001,Soft Drink X,Delhi,2025-08-15,252,30.72,42,Rain,clear sky,9.22,Parsi New Year,67.0,68.0,0,4,8,0,159.08748
P001,Soft Drink X,Delhi,2025-08-15,252,30.72,42,Rain,clear sky,9.22,Janmashtami (Smarta),67.0,68.0,0,4,8,0,159.08748
P002,Mithai Y,Delhi,2025-08-15,189,30.72,42,Rain,clear sky,9.22,Janmashtami (Smarta),67.0,68.0,0,4,8,0,147.19215
P002,Mithai Y,Delhi,2025-08-15,189,30.72,42,Rain,clear sky,9.22,Parsi New Year,67.0,68.0,0,4,8,0,147.19215
P001,Soft Drink X,Delhi,2025-08-15,252,30.72,42,Rain,clear sky,9.22,Independence Day,67.0,68.0,0,4,8,0,159.08748
P002,Mithai Y,Mumbai,2025-08-15,205,27.6,47,Clear,scattered clouds,6.81,Janmashtami (Smarta),67.0,68.0,0,4,8,0,147.97295
P002,Mithai Y,Mumbai,2025-08-15,205,27.6,47,Clear,scattered clouds,6.81,Independence Day,67.0,68.0,0,4,8,0,147.97295
P003,Cold Cream Z,Mumbai,2025-08-15,75,27.6,47,Clear,scattered clouds,6.81,Parsi New Year,67.0,68.0,0,4,8,0,91.11966
P003,Cold Cream Z,Mumbai,2025-08-15,75,27.6,47,Clear,scattered clouds,6.81,Janmashtami (Smarta),67.0,68.0,0,4,8,0,91.11966
P003,Cold Cream Z,Delhi,2025-08-15,31,30.72,42,Rain,clear sky,9.22,Parsi New Year,67.0,68.0,0,4,8,0,57.404984
P003,Cold Cream Z,Delhi,2025-08-15,31,30.72,42,Rain,clear sky,9.22,Janmashtami (Smarta),67.0,68.0,0,4,8,0,57.404984
P003,Cold Cream Z,Delhi,2025-08-15,31,30.72,42,Rain,clear sky,9.22,Independence Day,67.0,68.0,0,4,8,0,57.404984
P002,Mithai Y,Bengaluru,2025-08-15,183,32.06,55,Clouds,clear sky,5.2,Parsi New Year,67.0,68.0,0,4,8,0,119.760056
P002,Mithai Y,Bengaluru,2025-08-15,183,32.06,55,Clouds,clear sky,5.2,Janmashtami (Smarta),67.0,68.0,0,4,8,0,119.760056
P003,Cold Cream Z,Mumbai,2025-08-15,75,27.6,47,Clear,scattered clouds,6.81,Independence Day,67.0,68.0,0,4,8,0,91.11966
P002,Mithai Y,Chennai,2025-08-15,179,38.83,56,Clear,light rain,5.45,Parsi New Year,67.0,68.0,0,4,8,0,132.04646
P002,Mithai Y,Chennai,2025-08-15,179,38.83,56,Clear,light rain,5.45,Janmashtami (Smarta),67.0,68.0,0,4,8,0,132.04646
P002,Mithai Y,Chennai,2025-08-15,179,38.83,56,Clear,light rain,5.45,Independence Day,67.0,68.0,0,4,8,0,132.04646
P002,Mithai Y,Kolkata,2025-08-15,230,30.13,57,Rain,clear sky,3.77,Parsi New Year,67.0,68.0,0,4,8,0,145.0108
P002,Mithai Y,Mumbai,2025-08-15,205,27.6,47,Clear,scattered clouds,6.81,Parsi New Year,67.0,68.0,0,4,8,0,147.97295
P002,Mithai Y,Kolkata,2025-08-15,230,30.13,57,Rain,clear sky,3.77,Janmashtami (Smarta),67.0,68.0,0,4,8,0,138.9826
P002,Mithai Y,Kolkata,2025-08-15,230,30.13,57,Rain,clear sky,3.77,Independence Day,67.0,68.0,0,4,8,0,138.9826
P002,Mithai Y,Bengaluru,2025-08-15,183,32.06,55,Clouds,clear sky,5.2,Independence Day,67.0,68.0,0,4,8,0,119.760056
P004,T-Shirt,Delhi,2025-08-16,186,36.04,71,Clear,light rain,7.48,Janmashtami,67.0,68.0,0,5,8,1,175.13663
P004,T-Shirt,Mumbai,2025-08-16,181,28.73,58,Clear,overcast clouds,9.36,Janmashtami,67.0,68.0,0,5,8,1,182.91022
P004,T-Shirt,Kolkata,2025-08-16,180,26.66,76,Clouds,moderate rain,1.54,Janmashtami,67.0,68.0,0,5,8,1,183.37926
P004,T-Shirt,Chennai,2025-08-16,173,23.06,47,Rain,scattered clouds,3.25,Janmashtami,67.0,68.0,0,5,8,1,166.541
P005,Face Mask,Kolkata,2025-08-16,178,26.66,76,Clouds,moderate rain,1.54,Janmashtami,67.0,68.0,0,5,8,1,192.28493
P005,Face Mask,Delhi,2025-08-16,256,36.04,71,Clear,light rain,7.48,Janmashtami,67.0,68.0,0,5,8,1,191.48738
P005,Face Mask,Mumbai,2025-08-16,238,28.73,58,Clear,overcast clouds,9.36,Janmashtami,67.0,68.0,0,5,8,1,186.42819
P005,Face Mask,Chennai,2025-08-16,273,23.06,47,Rain,scattered clouds,3.25,Janmashtami,67.0,68.0,0,5,8,1,182.64212
P005,Face Mask,Bengaluru,2025-08-16,251,23.62,85,Clear,moderate rain,8.43,Janmashtami,67.0,68.0,0,5,8,1,183.76907
P003,Cold Cream Z,Bengaluru,2025-08-16,52,23.62,85,Clear,moderate rain,8.43,Janmashtami,67.0,68.0,0,5,8,1,69.24613
P004,T-Shirt,Bengaluru,2025-08-16,195,23.62,85,Clear,moderate rain,8.43,Janmashtami,67.0,68.0,0,5,8,1,170.25537
P003,Cold Cream Z,Chennai,2025-08-16,68,23.06,47,Rain,scattered clouds,3.25,Janmashtami,67.0,68.0,0,5,8,1,73.1044
P002,Mithai Y,Bengaluru,2025-08-16,218,23.62,85,Clear,moderate rain,8.43,Janmashtami,67.0,68.0,0,5,8,1,156.68811
P003,Cold Cream Z,Mumbai,2025-08-16,56,28.73,58,Clear,overcast clouds,9.36,Janmashtami,67.0,68.0,0,5,8,1,66.5443
P003,Cold Cream Z,Kolkata,2025-08-16,87,26.66,76,Clouds,moderate rain,1.54,Janmashtami,67.0,68.0,0,5,8,1,75.908134
P001,Soft Drink X,Delhi,2025-08-16,278,36.04,71,Clear,light rain,7.48,Janmashtami,67.0,68.0,0,5,8,1,194.5601
P001,Soft Drink X,Mumbai,2025-08-16,283,28.73,58,Clear,overcast clouds,9.36,Janmashtami,67.0,68.0,0,5,8,1,187.60445
P001,Soft Drink X,Chennai,2025-08-16,263,23.06,47,Rain,scattered clouds,3.25,Janmashtami,67.0,68.0,0,5,8,1,182.5863
P001,Soft Drink X,Bengaluru,2025-08-16,257,23.62,85,Clear,moderate rain,8.43,Janmashtami,67.0,68.0,0,5,8,1,185.85454
P001,Soft Drink X,Kolkata,2025-08-16,216,26.66,76,Clouds,moderate rain,1.54,Janmashtami,67.0,68.0,0,5,8,1,196.80112
P002,Mithai Y,Mumbai,2025-08-16,202,28.73,58,Clear,overcast clouds,9.36,Janmashtami,67.0,68.0,0,5,8,1,158.86049
P002,Mithai Y,Kolkata,2025-08-16,252,26.66,76,Clouds,moderate rain,1.54,Janmashtami,67.0,68.0,0,5,8,1,144.64813
P002,Mithai Y,Chennai,2025-08-16,153,23.06,47,Rain,scattered clouds,3.25,Janmashtami,67.0,68.0,0,5,8,1,142.22984
P003,Cold Cream Z,Delhi,2025-08-16,47,36.04,71,Clear,light rain,7.48,Janmashtami,67.0,68.0,0,5,8,1,62.072365
P002,Mithai Y,Delhi,2025-08-16,195,36.04,71,Clear,light rain,7.48,Janmashtami,67.0,68.0,0,5,8,1,134.72815
P003,Cold Cream Z,Bengaluru,2025-08-27,51,26.13,80,Clouds,light rain,9.05,Ganesh Chaturthi/Vinayaka Chaturthi,67.0,68.0,0,2,8,0,60.94941
P004,T-Shirt,Delhi,2025-08-27,178,23.84,55,Clouds,scattered clouds,8.62,Ganesh Chaturthi/Vinayaka Chaturthi,67.0,68.0,0,2,8,0,157.9338
P004,T-Shirt,Mumbai,2025-08-27,166,35.57,47,Clouds,clear sky,2.16,Ganesh Chaturthi/Vinayaka Chaturthi,67.0,68.0,0,2,8,0,155.5675
P004,T-Shirt,Kolkata,2025-08-27,232,37.36,63,Clouds,overcast clouds,9.49,Ganesh Chaturthi/Vinayaka Chaturthi,67.0,68.0,0,2,8,0,178.89203
P004,T-Shirt,Chennai,2025-08-27,237,20.57,80,Rain,light rain,4.91,Ganesh Chaturthi/Vinayaka Chaturthi,67.0,68.0,0,2,8,0,160.99174
P005,Face Mask,Delhi,2025-08-27,193,23.84,55,Clouds,scattered clouds,8.62,Ganesh Chaturthi/Vinayaka Chaturthi,67.0,68.0,0,2,8,0,171.19414
P005,Face Mask,Mumbai,2025-08-27,211,35.57,47,Clouds,clear sky,2.16,Ganesh Chaturthi/Vinayaka Chaturthi,67.0,68.0,0,2,8,0,160.9738
P005,Face Mask,Kolkata,2025-08-27,206,37.36,63,Clouds,overcast clouds,9.49,Ganesh Chaturthi/Vinayaka Chaturthi,67.0,68.0,0,2,8,0,184.48323
P005,Face Mask,Chennai,2025-08-27,241,20.57,80,Rain,light rain,4.91,Ganesh Chaturthi/Vinayaka Chaturthi,67.0,68.0,0,2,8,0,176.95381
P003,Cold Cream Z,Chennai,2025-08-27,31,20.57,80,Rain,light rain,4.91,Ganesh Chaturthi/Vinayaka Chaturthi,67.0,68.0,0,2,8,0,33.12374
P004,T-Shirt,Bengaluru,2025-08-27,174,26.13,80,Clouds,light rain,9.05,Ganesh Chaturthi/Vinayaka Chaturthi,67.0,68.0,0,2,8,0,179.58559
P003,Cold Cream Z,Kolkata,2025-08-27,53,37.36,63,Clouds,overcast clouds,9.49,Ganesh Chaturthi/Vinayaka Chaturthi,67.0,68.0,0,2,8,0,40.84548
P005,Face Mask,Bengaluru,2025-08-27,199,26.13,80,Clouds,light rain,9.05,Ganesh Chaturthi/Vinayaka Chaturthi,67.0,68.0,0,2,8,0,189.562
P003,Cold Cream Z,Delhi,2025-08-27,63,23.84,55,Clouds,scattered clouds,8.62,Ganesh Chaturthi/Vinayaka Chaturthi,67.0,68.0,0,2,8,0,59.074387
P001,Soft Drink X,Delhi,2025-08-27,254,23.84,55,Clouds,scattered clouds,8.62,Ganesh Chaturthi/Vinayaka Chaturthi,67.0,68.0,0,2,8,0,172.30452
P001,Soft Drink X,Mumbai,2025-08-27,207,35.57,47,Clouds,clear sky,2.16,Ganesh Chaturthi/Vinayaka Chaturthi,67.0,68.0,0,2,8,0,165.4949
P001,Soft Drink X,Kolkata,2025-08-27,220,37.36,63,Clouds,overcast clouds,9.49,Ganesh Chaturthi/Vinayaka Chaturthi,67.0,68.0,0,2,8,0,188.15137
P001,Soft Drink X,Chennai,2025-08-27,243,20.57,80,Rain,light rain,4.91,Ganesh Chaturthi/Vinayaka Chaturthi,67.0,68.0,0,2,8,0,174.51286
P001,Soft Drink X,Bengaluru,2025-08-27,272,26.13,80,Clouds,light rain,9.05,Ganesh Chaturthi/Vinayaka Chaturthi,67.0,68.0,0,2,8,0,190.25806
P003,Cold Cream Z,Mumbai,2025-08-27,12,35.57,47,Clouds,clear sky,2.16,Ganesh Chaturthi/Vinayaka Chaturthi,67.0,68.0,0,2,8,0,50.572834
P002,Mithai Y,Mumbai,2025-08-27,209,35.57,47,Clouds,clear sky,2.16,Ganesh Chaturthi/Vinayaka Chaturthi,67.0,68.0,0,2,8,0,116.53223
P002,Mithai Y,Kolkata,2025-08-27,221,37.36,63,Clouds,overcast clouds,9.49,Ganesh Chaturthi/Vinayaka Chaturthi,67.0,68.0,0,2,8,0,146.18236
P002,Mithai Y,Chennai,2025-08-27,195,20.57,80,Rain,light rain,4.91,Ganesh Chaturthi/Vinayaka Chaturthi,67.0,68.0,0,2,8,0,135.65625
P002,Mithai Y,Bengaluru,2025-08-27,211,26.13,80,Clouds,light rain,9.05,Ganesh Chaturthi/Vinayaka Chaturthi,67.0,68.0,0,2,8,0,171.62987
P002,Mithai Y,Delhi,2025-08-27,193,23.84,55,Clouds,scattered clouds,8.62,Ganesh Chaturthi/Vinayaka Chaturthi,67.0,68.0,0,2,8,0,134.81648
P004,T-Shirt,Chennai,2025-09-05,146,25.58,56,Rain,light rain,8.08,Milad un-Nabi/Id-e-Milad,67.0,68.0,0,4,9,0,168.85094
P003,Cold Cream Z,Chennai,2025-09-05,68,25.58,56,Rain,light rain,8.08,Onam,67.0,68.0,0,4,9,0,92.60701
P003,Cold Cream Z,Bengaluru,2025-09-05,111,29.79,87,Rain,clear sky,4.29,Milad un-Nabi/Id-e-Milad,67.0,68.0,0,4,9,0,105.62904
P003,Cold Cream Z,Bengaluru,2025-09-05,111,29.79,87,Rain,clear sky,4.29,Onam,67.0,68.0,0,4,9,0,105.62904
P004,T-Shirt,Delhi,2025-09-05,164,23.45,68,Clear,scattered clouds,8.15,Milad un-Nabi/Id-e-Milad,67.0,68.0,0,4,9,0,169.24309
P004,T-Shirt,Delhi,2025-09-05,164,23.45,68,Clear,scattered clouds,8.15,Onam,67.0,68.0,0,4,9,0,167.87907
P004,T-Shirt,Mumbai,2025-09-05,149,39.74,57,Clouds,clear sky,7.99,Milad un-Nabi/Id-e-Milad,67.0,68.0,0,4,9,0,169.64369
P004,T-Shirt,Mumbai,2025-09-05,149,39.74,57,Clouds,clear sky,7.99,Onam,67.0,68.0,0,4,9,0,173.95248
P004,T-Shirt,Kolkata,2025-09-05,185,20.99,61,Clouds,scattered clouds,5.45,Milad un-Nabi/Id-e-Milad,67.0,68.0,0,4,9,0,160.92174
P004,T-Shirt,Kolkata,2025-09-05,185,20.99,61,Clouds,scattered clouds,5.45,Onam,67.0,68.0,0,4,9,0,160.92174
P004,T-Shirt,Chennai,2025-09-05,146,25.58,56,Rain,light rain,8.08,Onam,67.0,68.0,0,4,9,0,168.85094
P005,Face Mask,Mumbai,2025-09-05,220,39.74,57,Clouds,clear sky,7.99,Onam,67.0,68.0,0,4,9,0,184.59584
P004,T-Shirt,Bengaluru,2025-09-05,117,29.79,87,Rain,clear sky,4.29,Onam,67.0,68.0,0,4,9,0,145.30844
P005,Face Mask,Delhi,2025-09-05,243,23.45,68,Clear,scattered clouds,8.15,Milad un-Nabi/Id-e-Milad,67.0,68.0,0,4,9,0,189.48071
P005,Face Mask,Delhi,2025-09-05,243,23.45,68,Clear,scattered clouds,8.15,Onam,67.0,68.0,0,4,9,0,188.1167
P005,Face Mask,Mumbai,2025-09-05,220,39.74,57,Clouds,clear sky,7.99,Milad un-Nabi/Id-e-Milad,67.0,68.0,0,4,9,0,180.59842
P003,Cold Cream Z,Chennai,2025-09-05,68,25.58,56,Rain,light rain,8.08,Milad un-Nabi/Id-e-Milad,67.0,68.0,0,4,9,0,92.60701
P005,Face Mask,Kolkata,2025-09-05,237,20.99,61,Clouds,scattered clouds,5.45,Milad un-Nabi/Id-e-Milad,67.0,68.0,0,4,9,0,169.44789
P005,Face Mask,Kolkata,2025-09-05,237,20.99,61,Clouds,scattered clouds,5.45,Onam,67.0,68.0,0,4,9,0,169.44789
P005,Face Mask,Chennai,2025-09-05,265,25.58,56,Rain,light rain,8.08,Milad un-Nabi/Id-e-Milad,67.0,68.0,0,4,9,0,181.21375
P005,Face Mask,Chennai,2025-09-05,265,25.58,56,Rain,light rain,8.08,Onam,67.0,68.0,0,4,9,0,181.21375
P005,Face Mask,Bengaluru,2025-09-05,228,29.79,87,Rain,clear sky,4.29,Milad un-Nabi/Id-e-Milad,67.0,68.0,0,4,9,0,167.50905
P005,Face Mask,Bengaluru,2025-09-05,228,29.79,87,Rain,clear sky,4.29,Onam,67.0,68.0,0,4,9,0,167.50905
P004,T-Shirt,Bengaluru,2025-09-05,117,29.79,87,Rain,clear sky,4.29,Milad un-Nabi/Id-e-Milad,67.0,68.0,0,4,9,0,145.30844
P003,Cold Cream Z,Kolkata,2025-09-05,58,20.99,61,Clouds,scattered clouds,5.45,Onam,67.0,68.0,0,4,9,0,59.10382
P003,Cold Cream Z,Kolkata,2025-09-05,58,20.99,61,Clouds,scattered clouds,5.45,Milad un-Nabi/Id-e-Milad,67.0,68.0,0,4,9,0,59.10382
P003,Cold Cream Z,Mumbai,2025-09-05,93,39.74,57,Clouds,clear sky,7.99,Onam,67.0,68.0,0,4,9,0,103.363556
P001,Soft Drink X,Delhi,2025-09-05,220,23.45,68,Clear,scattered clouds,8.15,Milad un-Nabi/Id-e-Milad,67.0,68.0,0,4,9,0,193.16057
P001,Soft Drink X,Delhi,2025-09-05,220,23.45,68,Clear,scattered clouds,8.15,Onam,67.0,68.0,0,4,9,0,191.79655
P001,Soft Drink X,Mumbai,2025-09-05,161,39.74,57,Clouds,clear sky,7.99,Milad un-Nabi/Id-e-Milad,67.0,68.0,0,4,9,0,179.14098
P001,Soft Drink X,Mumbai,2025-09-05,161,39.74,57,Clouds,clear sky,7.99,Onam,67.0,68.0,0,4,9,0,183.1384
P001,Soft Drink X,Kolkata,2025-09-05,162,20.99,61,Clouds,scattered clouds,5.45,Milad un-Nabi/Id-e-Milad,67.0,68.0,0,4,9,0,170.85443
P001,Soft Drink X,Kolkata,2025-09-05,162,20.99,61,Clouds,scattered clouds,5.45,Onam,67.0,68.0,0,4,9,0,170.85443
P001,Soft Drink X,Chennai,2025-09-05,166,25.58,56,Rain,light rain,8.08,Onam,67.0,68.0,0,4,9,0,178.29456
P001,Soft Drink X,Bengaluru,2025-09-05,158,29.79,87,Rain,clear sky,4.29,Milad un-Nabi/Id-e-Milad,67.0,68.0,0,4,9,0,169.82916
P001,Soft Drink X,Bengaluru,2025-09-05,158,29.79,87,Rain,clear sky,4.29,Onam,67.0,68.0,0,4,9,0,169.82916
P002,Mithai Y,Delhi,2025-09-05,99,23.45,68,Clear,scattered clouds,8.15,Milad un-Nabi/Id-e-Milad,67.0,68.0,0,4,9,0,141.36806
P002,Mithai Y,Delhi,2025-09-05,99,23.45,68,Clear,scattered clouds,8.15,Onam,67.0,68.0,0,4,9,0,141.43414
P001,Soft Drink X,Chennai,2025-09-05,166,25.58,56,Rain,light rain,8.08,Milad un-Nabi/Id-e-Milad,67.0,68.0,0,4,9,0,178.29456
P002,Mithai Y,Mumbai,2025-09-05,93,39.74,57,Clouds,clear sky,7.99,Onam,67.0,68.0,0,4,9,0,131.97928
P002,Mithai Y,Kolkata,2025-09-05,73,20.99,61,Clouds,scattered clouds,5.45,Milad un-Nabi/Id-e-Milad,67.0,68.0,0,4,9,0,104.8167
P002,Mithai Y,Kolkata,2025-09-05,73,20.99,61,Clouds,scattered clouds,5.45,Onam,67.0,68.0,0,4,9,0,104.8167
P002,Mithai Y,Chennai,2025-09-05,156,25.58,56,Rain,light rain,8.08,Milad un-Nabi/Id-e-Milad,67.0,68.0,0,4,9,0,141.8861
P002,Mithai Y,Chennai,2025-09-05,156,25.58,56,Rain,light rain,8.08,Onam,67.0,68.0,0,4,9,0,141.8861
P002,Mithai Y,Bengaluru,2025-09-05,128,29.79,87,Rain,clear sky,4.29,Milad un-Nabi/Id-e-Milad,67.0,68.0,0,4,9,0,129.06581
P002,Mithai Y,Bengaluru,2025-09-05,128,29.79,87,Rain,clear sky,4.29,Onam,67.0,68.0,0,4,9,0,129.06581
P003,Cold Cream Z,Delhi,2025-09-05,120,23.45,68,Clear,scattered clouds,8.15,Milad un-Nabi/Id-e-Milad,67.0,68.0,0,4,9,0,124.43751
P003,Cold Cream Z,Delhi,2025-09-05,120,23.45,68,Clear,scattered clouds,8.15,Onam,67.0,68.0,0,4,9,0,123.07349
P003,Cold Cream Z,Mumbai,2025-09-05,93,39.74,57,Clouds,clear sky,7.99,Milad un-Nabi/Id-e-Milad,67.0,68.0,0,4,9,0,99.366135
P002,Mithai Y,Mumbai,2025-09-05,93,39.74,57,Clouds,clear sky,7.99,Milad un-Nabi/Id-e-Milad,67.0,68.0,0,4,9,0,127.98189
P003,Cold Cream Z,Bengaluru,2025-09-22,93,21.63,72,Rain,clear sky,1.51,First Day of Sharad Navratri,67.0,68.0,0,0,9,0,90.20177
P004,T-Shirt,Delhi,2025-09-22,130,22.55,44,Rain,overcast clouds,1.91,First Day of Sharad Navratri,67.0,68.0,0,0,9,0,161.26164
P004,T-Shirt,Mumbai,2025-09-22,155,30.45,83,Rain,scattered clouds,3.45,First Day of Sharad Navratri,67.0,68.0,0,0,9,0,172.06407
P004,T-Shirt,Kolkata,2025-09-22,148,20.07,89,Rain,moderate rain,9.45,First Day of Sharad Navratri,67.0,68.0,0,0,9,0,167.50089
P004,T-Shirt,Chennai,2025-09-22,157,29.21,80,Rain,scattered clouds,1.4,First Day of Sharad Navratri,67.0,68.0,0,0,9,0,167.16953
P005,Face Mask,Delhi,2025-09-22,222,22.55,44,Rain,overcast clouds,1.91,First Day of Sharad Navratri,67.0,68.0,0,0,9,0,182.61043
P005,Face Mask,Mumbai,2025-09-22,188,30.45,83,Rain,scattered clouds,3.45,First Day of Sharad Navratri,67.0,68.0,0,0,9,0,183.13248
P005,Face Mask,Kolkata,2025-09-22,224,20.07,89,Rain,moderate rain,9.45,First Day of Sharad Navratri,67.0,68.0,0,0,9,0,179.6496
P005,Face Mask,Chennai,2025-09-22,223,29.21,80,Rain,scattered clouds,1.4,First Day of Sharad Navratri,67.0,68.0,0,0,9,0,179.0901
P003,Cold Cream Z,Chennai,2025-09-22,87,29.21,80,Rain,scattered clouds,1.4,First Day of Sharad Navratri,67.0,68.0,0,0,9,0,83.353455
P004,T-Shirt,Bengaluru,2025-09-22,124,21.63,72,Rain,clear sky,1.51,First Day of Sharad Navratri,67.0,68.0,0,0,9,0,163.34099
P003,Cold Cream Z,Kolkata,2025-09-22,100,20.07,89,Rain,moderate rain,9.45,First Day of Sharad Navratri,67.0,68.0,0,0,9,0,98.36393
P005,Face Mask,Bengaluru,2025-09-22,232,21.63,72,Rain,clear sky,1.51,First Day of Sharad Navratri,67.0,68.0,0,0,9,0,184.10663
P003,Cold Cream Z,Delhi,2025-09-22,101,22.55,44,Rain,overcast clouds,1.91,First Day of Sharad Navratri,67.0,68.0,0,0,9,0,100.332306
P001,Soft Drink X,Delhi,2025-09-22,222,22.55,44,Rain,overcast clouds,1.91,First Day of Sharad Navratri,67.0,68.0,0,0,9,0,178.47882
P001,Soft Drink X,Mumbai,2025-09-22,199,30.45,83,Rain,scattered clouds,3.45,First Day of Sharad Navratri,67.0,68.0,0,0,9,0,182.16771
P001,Soft Drink X,Kolkata,2025-09-22,223,20.07,89,Rain,moderate rain,9.45,First Day of Sharad Navratri,67.0,68.0,0,0,9,0,175.04582
P001,Soft Drink X,Chennai,2025-09-22,188,29.21,80,Rain,scattered clouds,1.4,First Day of Sharad Navratri,67.0,68.0,0,0,9,0,179.22115
P001,Soft Drink X,Bengaluru,2025-09-22,192,21.63,72,Rain,clear sky,1.51,First Day of Sharad Navratri,67.0,68.0,0,0,9,0,189.67899
P003,Cold Cream Z,Mumbai,2025-09-22,116,30.45,83,Rain,scattered clouds,3.45,First Day of Sharad Navratri,67.0,68.0,0,0,9,0,97.50148
P002,Mithai Y,Mumbai,2025-09-22,121,30.45,83,Rain,scattered clouds,3.45,First Day of Sharad Navratri,67.0,68.0,0,0,9,0,128.52115
P002,Mithai Y,Kolkata,2025-09-22,94,20.07,89,Rain,moderate rain,9.45,First Day of Sharad Navratri,67.0,68.0,0,0,9,0,139.28596
P002,Mithai Y,Chennai,2025-09-22,119,29.21,80,Rain,scattered clouds,1.4,First Day of Sharad Navratri,67.0,68.0,0,0,9,0,132.35936
P002,Mithai Y,Bengaluru,2025-09-22,109,21.63,72,Rain,clear sky,1.51,First Day of Sharad Navratri,67.0,68.0,0,0,9,0,127.547195
P002,Mithai Y,Delhi,2025-09-22,137,22.55,44,Rain,overcast clouds,1.91,First Day of Sharad Navratri,67.0,68.0,0,0,9,0,136.27316
P004,T-Shirt,Delhi,2025-09-28,147,30.17,56,Clear,scattered clouds,7.47,First Day of Durga Puja Festivities,67.0,68.0,0,6,9,1,163.27083
P004,T-Shirt,Mumbai,2025-09-28,141,29.63,77,Clouds,overcast clouds,5.21,First Day of Durga Puja Festivities,67.0,68.0,0,6,9,1,163.61598
P004,T-Shirt,Kolkata,2025-09-28,139,27.03,52,Rain,scattered clouds,1.36,First Day of Durga Puja Festivities,67.0,68.0,0,6,9,1,163.05586
P004,T-Shirt,Chennai,2025-09-28,144,39.63,46,Clear,overcast clouds,8.29,First Day of Durga Puja Festivities,67.0,68.0,0,6,9,1,162.24237
P004,T-Shirt,Bengaluru,2025-09-28,94,25.76,69,Rain,moderate rain,7.8,First Day of Durga Puja Festivities,67.0,68.0,0,6,9,1,156.58011
P005,Face Mask,Mumbai,2025-09-28,252,29.63,77,Clouds,overcast clouds,5.21,First Day of Durga Puja Festivities,67.0,68.0,0,6,9,1,181.59538
P005,Face Mask,Kolkata,2025-09-28,187,27.03,52,Rain,scattered clouds,1.36,First Day of Durga Puja Festivities,67.0,68.0,0,6,9,1,183.71407
P005,Face Mask,Chennai,2025-09-28,238,39.63,46,Clear,overcast clouds,8.29,First Day of Durga Puja Festivities,67.0,68.0,0,6,9,1,180.67694
P005,Face Mask,Bengaluru,2025-09-28,197,25.76,69,Rain,moderate rain,7.8,First Day of Durga Puja Festivities,67.0,68.0,0,6,9,1,180.4185
P003,Cold Cream Z,Bengaluru,2025-09-28,142,25.76,69,Rain,moderate rain,7.8,First Day of Durga Puja Festivities,67.0,68.0,0,6,9,1,115.69796
P005,Face Mask,Delhi,2025-09-28,224,30.17,56,Clear,scattered clouds,7.47,First Day of Durga Puja Festivities,67.0,68.0,0,6,9,1,182.96185
P003,Cold Cream Z,Chennai,2025-09-28,82,39.63,46,Clear,overcast clouds,8.29,First Day of Durga Puja Festivities,67.0,68.0,0,6,9,1,101.38625
P003,Cold Cream Z,Kolkata,2025-09-28,102,27.03,52,Rain,scattered clouds,1.36,First Day of Durga Puja Festivities,67.0,68.0,0,6,9,1,91.031364
P003,Cold Cream Z,Mumbai,2025-09-28,69,29.63,77,Clouds,overcast clouds,5.21,First Day of Durga Puja Festivities,67.0,68.0,0,6,9,1,84.18374
P001,Soft Drink X,Mumbai,2025-09-28,142,29.63,77,Clouds,overcast clouds,5.21,First Day of Durga Puja Festivities,67.0,68.0,0,6,9,1,179.75919
P001,Soft Drink X,Kolkata,2025-09-28,214,27.03,52,Rain,scattered clouds,1.36,First Day of Durga Puja Festivities,67.0,68.0,0,6,9,1,193.3934
P001,Soft Drink X,Chennai,2025-09-28,185,39.63,46,Clear,overcast clouds,8.29,First Day of Durga Puja Festivities,67.0,68.0,0,6,9,1,174.13042
P001,Soft Drink X,Bengaluru,2025-09-28,151,25.76,69,Rain,moderate rain,7.8,First Day of Durga Puja Festivities,67.0,68.0,0,6,9,1,180.30507
P002,Mithai Y,Delhi,2025-09-28,130,30.17,56,Clear,scattered clouds,7.47,First Day of Durga Puja Festivities,67.0,68.0,0,6,9,1,133.07185
P001,Soft Drink X,Delhi,2025-09-28,171,30.17,56,Clear,scattered clouds,7.47,First Day of Durga Puja Festivities,67.0,68.0,0,6,9,1,181.5696
P002,Mithai Y,Kolkata,2025-09-28,101,27.03,52,Rain,scattered clouds,1.36,First Day of Durga Puja Festivities,67.0,68.0,0,6,9,1,143.36783
P002,Mithai Y,Chennai,2025-09-28,118,39.63,46,Clear,overcast clouds,8.29,First Day of Durga Puja Festivities,67.0,68.0,0,6,9,1,138.95523
P002,Mithai Y,Bengaluru,2025-09-28,144,25.76,69,Rain,moderate rain,7.8,First Day of Durga Puja Festivities,67.0,68.0,0,6,9,1,144.06575
P003,Cold Cream Z,Delhi,2025-09-28,54,30.17,56,Clear,scattered clouds,7.47,First Day of Durga Puja Festivities,67.0,68.0,0,6,9,1,86.473595
P002,Mithai Y,Mumbai,2025-09-28,137,29.63,77,Clouds,overcast clouds,5.21,First Day of Durga Puja Festivities,67.0,68.0,0,6,9,1,129.19984
P004,T-Shirt,Delhi,2025-09-29,182,21.54,58,Clouds,moderate rain,8.01,Maha Saptami,67.0,68.0,0,0,9,0,166.05516
P004,T-Shirt,Mumbai,2025-09-29,146,36.05,55,Clouds,scattered clouds,1.22,Maha Saptami,67.0,68.0,0,0,9,0,158.52145
P004,T-Shirt,Kolkata,2025-09-29,147,29.57,53,Clouds,overcast clouds,1.12,Maha Saptami,67.0,68.0,0,0,9,0,153.84341
P005,Face Mask,Bengaluru,2025-09-29,202,24.11,89,Rain,moderate rain,7.73,Maha Saptami,67.0,68.0,0,0,9,0,185.383
P004,T-Shirt,Chennai,2025-09-29,153,21.11,42,Rain,overcast clouds,8.83,Maha Saptami,67.0,68.0,0,0,9,0,164.74083
P005,Face Mask,Delhi,2025-09-29,226,21.54,58,Clouds,moderate rain,8.01,Maha Saptami,67.0,68.0,0,0,9,0,184.39616
P005,Face Mask,Mumbai,2025-09-29,211,36.05,55,Clouds,scattered clouds,1.22,Maha Saptami,67.0,68.0,0,0,9,0,167.67126
P005,Face Mask,Kolkata,2025-09-29,226,29.57,53,Clouds,overcast clouds,1.12,Maha Saptami,67.0,68.0,0,0,9,0,160.60738
P005,Face Mask,Chennai,2025-09-29,244,21.11,42,Rain,overcast clouds,8.83,Maha Saptami,67.0,68.0,0,0,9,0,179.33572
P003,Cold Cream Z,Bengaluru,2025-09-29,97,24.11,89,Rain,moderate rain,7.73,Maha Saptami,67.0,68.0,0,0,9,0,109.82293
P004,T-Shirt,Bengaluru,2025-09-29,143,24.11,89,Rain,moderate rain,7.73,Maha Saptami,67.0,68.0,0,0,9,0,165.79683
P003,Cold Cream Z,Chennai,2025-09-29,86,21.11,42,Rain,overcast clouds,8.83,Maha Saptami,67.0,68.0,0,0,9,0,93.76668
P002,Mithai Y,Mumbai,2025-09-29,68,36.05,55,Clouds,scattered clouds,1.22,Maha Saptami,67.0,68.0,0,0,9,0,104.981255
P003,Cold Cream Z,Mumbai,2025-09-29,141,36.05,55,Clouds,scattered clouds,1.22,Maha Saptami,67.0,68.0,0,0,9,0,76.67981
P003,Cold Cream Z,Delhi,2025-09-29,69,21.54,58,Clouds,moderate rain,8.01,Maha Saptami,67.0,68.0,0,0,9,0,65.186264
P002,Mithai Y,Bengaluru,2025-09-29,139,24.11,89,Rain,moderate rain,7.73,Maha Saptami,67.0,68.0,0,0,9,0,133.33443
P002,Mithai Y,Chennai,2025-09-29,134,21.11,42,Rain,overcast clouds,8.83,Maha Saptami,67.0,68.0,0,0,9,0,151.32475
P002,Mithai Y,Kolkata,2025-09-29,127,29.57,53,Clouds,overcast clouds,1.12,Maha Saptami,67.0,68.0,0,0,9,0,117.28486
P002,Mithai Y,Delhi,2025-09-29,99,21.54,58,Clouds,moderate rain,8.01,Maha Saptami,67.0,68.0,0,0,9,0,116.01387
P001,Soft Drink X,Bengaluru,2025-09-29,198,24.11,89,Rain,moderate rain,7.73,Maha Saptami,67.0,68.0,0,0,9,0,183.8826
P001,Soft Drink X,Chennai,2025-09-29,170,21.11,42,Rain,overcast clouds,8.83,Maha Saptami,67.0,68.0,0,0,9,0,172.6075
P001,Soft Drink X,Kolkata,2025-09-29,173,29.57,53,Clouds,overcast clouds,1.12,Maha Saptami,67.0,68.0,0,0,9,0,164.36311
P001,Soft Drink X,Mumbai,2025-09-29,165,36.05,55,Clouds,scattered clouds,1.22,Maha Saptami,67.0,68.0,0,0,9,0,171.68166
P001,Soft Drink X,Delhi,2025-09-29,180,21.54,58,Clouds,moderate rain,8.01,Maha Saptami,67.0,68.0,0,0,9,0,178.49524
P003,Cold Cream Z,Kolkata,2025-09-29,56,29.57,53,Clouds,overcast clouds,1.12,Maha Saptami,67.0,68.0,0,0,9,0,71.77857
P003,Cold Cream Z,Bengaluru,2025-09-30,104,29.6,85,Clouds,clear sky,3.87,Maha Ashtami,67.0,68.0,0,1,9,0,106.35621
P004,T-Shirt,Delhi,2025-09-30,132,24.58,49,Clouds,scattered clouds,4.41,Maha Ashtami,67.0,68.0,0,1,9,0,161.29642
P004,T-Shirt,Mumbai,2025-09-30,163,31.78,65,Rain,overcast clouds,9.94,Maha Ashtami,67.0,68.0,0,1,9,0,165.30826
P004,T-Shirt,Kolkata,2025-09-30,129,27.73,46,Rain,light rain,2.22,Maha Ashtami,67.0,68.0,0,1,9,0,163.25331
P005,Face Mask,Kolkata,2025-09-30,224,27.73,46,Rain,light rain,2.22,Maha Ashtami,67.0,68.0,0,1,9,0,174.457
P004,T-Shirt,Bengaluru,2025-09-30,122,29.6,85,Clouds,clear sky,3.87,Maha Ashtami,67.0,68.0,0,1,9,0,151.37042
P005,Face Mask,Delhi,2025-09-30,228,24.58,49,Clouds,scattered clouds,4.41,Maha Ashtami,67.0,68.0,0,1,9,0,178.07838
P005,Face Mask,Mumbai,2025-09-30,246,31.78,65,Rain,overcast clouds,9.94,Maha Ashtami,67.0,68.0,0,1,9,0,167.81264
P003,Cold Cream Z,Chennai,2025-09-30,91,27.39,68,Clear,scattered clouds,2.88,Maha Ashtami,67.0,68.0,0,1,9,0,96.17828
P004,T-Shirt,Chennai,2025-09-30,176,27.39,68,Clear,scattered clouds,2.88,Maha Ashtami,67.0,68.0,0,1,9,0,164.5833
P003,Cold Cream Z,Kolkata,2025-09-30,105,27.73,46,Rain,light rain,2.22,Maha Ashtami,67.0,68.0,0,1,9,0,98.03966
P002,Mithai Y,Mumbai,2025-09-30,102,31.78,65,Rain,overcast clouds,9.94,Maha Ashtami,67.0,68.0,0,1,9,0,125.73196
P003,Cold Cream Z,Delhi,2025-09-30,82,24.58,49,Clouds,scattered clouds,4.41,Maha Ashtami,67.0,68.0,0,1,9,0,88.85706
P002,Mithai Y,Bengaluru,2025-09-30,127,29.6,85,Clouds,clear sky,3.87,Maha Ashtami,67.0,68.0,0,1,9,0,127.0549
P002,Mithai Y,Chennai,2025-09-30,94,27.39,68,Clear,scattered clouds,2.88,Maha Ashtami,67.0,68.0,0,1,9,0,130.28485
P002,Mithai Y,Kolkata,2025-09-30,80,27.73,46,Rain,light rain,2.22,Maha Ashtami,67.0,68.0,0,1,9,0,131.35251
P002,Mithai Y,Delhi,2025-09-30,81,24.58,49,Clouds,scattered clouds,4.41,Maha Ashtami,67.0,68.0,0,1,9,0,104.23211
P001,Soft Drink X,Bengaluru,2025-09-30,152,29.6,85,Clouds,clear sky,3.87,Maha Ashtami,67.0,68.0,0,1,9,0,173.0139
P001,Soft Drink X,Chennai,2025-09-30,167,27.39,68,Clear,scattered clouds,2.88,Maha Ashtami,67.0,68.0,0,1,9,0,177.6928
P001,Soft Drink X,Kolkata,2025-09-30,162,27.73,46,Rain,light rain,2.22,Maha Ashtami,67.0,68.0,0,1,9,0,179.08725
P001,Soft Drink X,Mumbai,2025-09-30,206,31.78,65,Rain,overcast clouds,9.94,Maha Ashtami,67.0,68.0,0,1,9,0,157.673
P001,Soft Drink X,Delhi,2025-09-30,222,24.58,49,Clouds,scattered clouds,4.41,Maha Ashtami,67.0,68.0,0,1,9,0,178.62645
P005,Face Mask,Chennai,2025-09-30,240,27.39,68,Clear,scattered clouds,2.88,Maha Ashtami,67.0,68.0,0,1,9,0,177.81683
P003,Cold Cream Z,Mumbai,2025-09-30,54,31.78,65,Rain,overcast clouds,9.94,Maha Ashtami,67.0,68.0,0,1,9,0,79.42147
P005,Face Mask,Bengaluru,2025-09-30,222,29.6,85,Clouds,clear sky,3.87,Maha Ashtami,67.0,68.0,0,1,9,0,171.72379
